{
  "type": "PDG-CTRL",
  "file": "JsoupCrawler.java",


  "nodes": [
    {
      "id": "n1",
      "line": "23",
      "code": "void main(String[] args)"
    },
    {
      "id": "n2",
      "line": "25",
      "code": "Document doc = Jsoup.connect(\"https://play.google.com/store/apps/details?id=com.google.android.apps.maps&showAllReviews=true\").get()"
    },
    {
      "id": "n3",
      "line": "53",
      "code": "System.out.println(\"Hi\")"
    },
    {
      "id": "n4",
      "line": "55",
      "code": "Elements e=doc.select(\"div.W4P4ne\")"
    },
    {
      "id": "n5",
      "line": "56",
      "code": "int count=e.size()"
    },
    {
      "id": "n6",
      "line": "58",
      "code": "System.out.println(count)"
    },
    {
      "id": "n7",
      "line": "59",
      "code": "int i=0"
    },
    {
      "id": "n8",
      "line": "59",
      "code": "for (i<count)"
    },
    {
      "id": "n9",
      "line": "0",
      "code": "LOOP"
    },
    {
      "id": "n10",
      "line": "61",
      "code": "String op=e.get(i).text()"
    },
    {
      "id": "n11",
      "line": "62",
      "code": "System.out.println(op)"
    },
    {
      "id": "n12",
      "line": "59",
      "code": "i++"
    },
    {
      "id": "n13",
      "line": "68",
      "code": "System.out.println(\"hello\")"
    },
    {
      "id": "n14",
      "line": "0",
      "code": "exit"
    },
  ],


  "edges": [
    {
      "id": "e1",
      "source": "n1",
      "target": "n2",
      "label": ""
    },
    {
      "id": "e2",
      "source": "n1",
      "target": "n3",
      "label": ""
    },
    {
      "id": "e3",
      "source": "n1",
      "target": "n4",
      "label": ""
    },
    {
      "id": "e4",
      "source": "n1",
      "target": "n5",
      "label": ""
    },
    {
      "id": "e5",
      "source": "n1",
      "target": "n6",
      "label": ""
    },
    {
      "id": "e6",
      "source": "n1",
      "target": "n7",
      "label": ""
    },
    {
      "id": "e7",
      "source": "n1",
      "target": "n8",
      "label": ""
    },
    {
      "id": "e8",
      "source": "n8",
      "target": "n9",
      "label": "True"
    },
    {
      "id": "e9",
      "source": "n9",
      "target": "n10",
      "label": ""
    },
    {
      "id": "e10",
      "source": "n9",
      "target": "n11",
      "label": ""
    },
    {
      "id": "e11",
      "source": "n9",
      "target": "n12",
      "label": ""
    },
    {
      "id": "e12",
      "source": "n1",
      "target": "n13",
      "label": ""
    },
    {
      "id": "e13",
      "source": "n1",
      "target": "n14",
      "label": ""
    },
  ]
}
