{
  "type": "PDG-DATA",
  "file": "JsoupCrawler.java",


  "nodes": [
    {
      "id": "n1",
      "line": "23",
      "defs": ["args"],
      "uses": [],
      "code": "void main(String[] args)"
    },
    {
      "id": "n2",
      "line": "25",
      "defs": ["doc"],
      "uses": [],
      "code": "Document doc = Jsoup.connect(\"https://play.google.com/store/apps/details?id=com.google.android.apps.maps&showAllReviews=true\").get()"
    },
    {
      "id": "n3",
      "line": "53",
      "defs": [],
      "uses": [],
      "code": "System.out.println(\"Hi\")"
    },
    {
      "id": "n4",
      "line": "55",
      "defs": ["e"],
      "uses": ["doc"],
      "code": "Elements e=doc.select(\"div.W4P4ne\")"
    },
    {
      "id": "n5",
      "line": "56",
      "defs": ["count"],
      "uses": ["e"],
      "code": "int count=e.size()"
    },
    {
      "id": "n6",
      "line": "58",
      "defs": [],
      "uses": ["count"],
      "code": "System.out.println(count)"
    },
    {
      "id": "n7",
      "line": "59",
      "defs": ["i"],
      "uses": [],
      "code": "int i=0"
    },
    {
      "id": "n8",
      "line": "59",
      "defs": [],
      "uses": ["count", "i"],
      "code": "for (i<count)"
    },
    {
      "id": "n9",
      "line": "59",
      "defs": ["i"],
      "uses": ["i"],
      "code": "i++"
    },
    {
      "id": "n10",
      "line": "0",
      "code": "endfor"
    },
    {
      "id": "n11",
      "line": "61",
      "defs": ["op"],
      "uses": ["e", "i"],
      "code": "String op=e.get(i).text()"
    },
    {
      "id": "n12",
      "line": "62",
      "defs": [],
      "uses": ["op"],
      "code": "System.out.println(op)"
    },
    {
      "id": "n13",
      "line": "68",
      "defs": [],
      "uses": [],
      "code": "System.out.println(\"hello\")"
    },
  ],


  "edges": [
    {
      "id": "e1",
      "source": "n1",
      "target": "n2",
      "type": "Control",
      "label": ""
    },
    {
      "id": "e2",
      "source": "n2",
      "target": "n3",
      "type": "Control",
      "label": ""
    },
    {
      "id": "e3",
      "source": "n3",
      "target": "n4",
      "type": "Control",
      "label": ""
    },
    {
      "id": "e4",
      "source": "n4",
      "target": "n5",
      "type": "Control",
      "label": ""
    },
    {
      "id": "e5",
      "source": "n5",
      "target": "n6",
      "type": "Control",
      "label": ""
    },
    {
      "id": "e6",
      "source": "n6",
      "target": "n7",
      "type": "Control",
      "label": ""
    },
    {
      "id": "e7",
      "source": "n7",
      "target": "n8",
      "type": "Control",
      "label": ""
    },
    {
      "id": "e8",
      "source": "n8",
      "target": "n10",
      "type": "Control",
      "label": "False"
    },
    {
      "id": "e9",
      "source": "n8",
      "target": "n11",
      "type": "Control",
      "label": "True"
    },
    {
      "id": "e10",
      "source": "n11",
      "target": "n12",
      "type": "Control",
      "label": ""
    },
    {
      "id": "e11",
      "source": "n12",
      "target": "n9",
      "type": "Control",
      "label": ""
    },
    {
      "id": "e12",
      "source": "n9",
      "target": "n8",
      "type": "Control",
      "label": ""
    },
    {
      "id": "e13",
      "source": "n10",
      "target": "n13",
      "type": "Control",
      "label": ""
    },
    {
      "id": "e14",
      "source": "n2",
      "target": "n4",
      "type": "Flows",
      "label": "doc"
    },
    {
      "id": "e15",
      "source": "n4",
      "target": "n5",
      "type": "Flows",
      "label": "e"
    },
    {
      "id": "e16",
      "source": "n4",
      "target": "n11",
      "type": "Flows",
      "label": "e"
    },
    {
      "id": "e17",
      "source": "n5",
      "target": "n6",
      "type": "Flows",
      "label": "count"
    },
    {
      "id": "e18",
      "source": "n5",
      "target": "n8",
      "type": "Flows",
      "label": "count"
    },
    {
      "id": "e19",
      "source": "n7",
      "target": "n8",
      "type": "Flows",
      "label": "i"
    },
    {
      "id": "e20",
      "source": "n7",
      "target": "n11",
      "type": "Flows",
      "label": "i"
    },
    {
      "id": "e21",
      "source": "n7",
      "target": "n9",
      "type": "Flows",
      "label": "i"
    },
    {
      "id": "e22",
      "source": "n11",
      "target": "n12",
      "type": "Flows",
      "label": "op"
    },
    {
      "id": "e23",
      "source": "n9",
      "target": "n8",
      "type": "Flows",
      "label": "i"
    },
    {
      "id": "e24",
      "source": "n9",
      "target": "n11",
      "type": "Flows",
      "label": "i"
    },
  ]
}
